{"initial_reset_timestamp": 1587340225.955535, "timestamps": [1587340290.3791611], "episode_lengths": [1864], "episode_rewards": [3028.0], "episode_types": ["t"]}